id;first_name;last_name;address;city;telephone
1;Gaetano;Spencer;systemic Washington;Aidaberg;761.383.5387 x975
2;Kasey;Hettinger;International;Lake Stantonbury;1-785-946-4629 x6373
3;Jerald;Rath;composite;South General;425.552.8640 x086
4;Berneice;Hayes;analyzing Avon Books;Port Demariohaven;1-445-800-8940 x7551
5;Hunter;Gutmann;tan Nebraska PNG;New Magdalen;318-975-5918 x17072
6;Joshuah;Reinger;human-resource Baby;North Alvisshire;598.891.9342 x57775
7;Abdullah;Bashirian;withdrawal Small Frozen Salad;Nicholausfort;1-647-615-1328
8;Dolly;Harber;synthesizing Chief;South Giovanny;327-315-9973 x20050
9;Sincere;Christiansen;functionalities Group Personal Loan Account;Heaneyview;203-161-8156
10;Brad;Hessel;Producer Fantastic turquoise;Jordaneborough;656-613-6089
